GEO.id,GEO.id2,GEO.display-label,HD01_VD01,HD02_VD01
Id,Id2,Geography,Estimate; Median household income in the past 12 months (in 2015 Inflation-adjusted dollars),Margin of Error; Median household income in the past 12 months (in 2015 Inflation-adjusted dollars)
1500000US245100101001,245100101001,"Block Group 1, Census Tract 101, Baltimore city, Maryland",88922,12271
1500000US245100101002,245100101002,"Block Group 2, Census Tract 101, Baltimore city, Maryland",86844,10761
1500000US245100101003,245100101003,"Block Group 3, Census Tract 101, Baltimore city, Maryland",107500,31341
1500000US245100102001,245100102001,"Block Group 1, Census Tract 102, Baltimore city, Maryland",68226,13508
1500000US245100102002,245100102002,"Block Group 2, Census Tract 102, Baltimore city, Maryland",70714,27782
1500000US245100102003,245100102003,"Block Group 3, Census Tract 102, Baltimore city, Maryland",106161,27572
1500000US245100102004,245100102004,"Block Group 4, Census Tract 102, Baltimore city, Maryland",97083,18188
1500000US245100103001,245100103001,"Block Group 1, Census Tract 103, Baltimore city, Maryland",115278,35289
1500000US245100103002,245100103002,"Block Group 2, Census Tract 103, Baltimore city, Maryland",92550,12725
1500000US245100104001,245100104001,"Block Group 1, Census Tract 104, Baltimore city, Maryland",62353,16599
1500000US245100104002,245100104002,"Block Group 2, Census Tract 104, Baltimore city, Maryland",100729,17256
1500000US245100105001,245100105001,"Block Group 1, Census Tract 105, Baltimore city, Maryland",100536,31170
1500000US245100105002,245100105002,"Block Group 2, Census Tract 105, Baltimore city, Maryland",76122,5072
1500000US245100201001,245100201001,"Block Group 1, Census Tract 201, Baltimore city, Maryland",93684,16285
1500000US245100201002,245100201002,"Block Group 2, Census Tract 201, Baltimore city, Maryland",80921,4565
1500000US245100202001,245100202001,"Block Group 1, Census Tract 202, Baltimore city, Maryland",43958,6810
1500000US245100202002,245100202002,"Block Group 2, Census Tract 202, Baltimore city, Maryland",66875,25713
1500000US245100203001,245100203001,"Block Group 1, Census Tract 203, Baltimore city, Maryland",69949,49727
1500000US245100203002,245100203002,"Block Group 2, Census Tract 203, Baltimore city, Maryland",68922,23713
1500000US245100203003,245100203003,"Block Group 3, Census Tract 203, Baltimore city, Maryland",104861,22102
1500000US245100301001,245100301001,"Block Group 1, Census Tract 301, Baltimore city, Maryland",13234,7197
1500000US245100301002,245100301002,"Block Group 2, Census Tract 301, Baltimore city, Maryland",41250,34746
1500000US245100302001,245100302001,"Block Group 1, Census Tract 302, Baltimore city, Maryland",41354,24909
1500000US245100302002,245100302002,"Block Group 2, Census Tract 302, Baltimore city, Maryland",86667,29926
1500000US245100401001,245100401001,"Block Group 1, Census Tract 401, Baltimore city, Maryland",69497,18437
1500000US245100401002,245100401002,"Block Group 2, Census Tract 401, Baltimore city, Maryland",44625,12731
1500000US245100402001,245100402001,"Block Group 1, Census Tract 402, Baltimore city, Maryland",25260,7488
1500000US245100601001,245100601001,"Block Group 1, Census Tract 601, Baltimore city, Maryland",23571,9076
1500000US245100601002,245100601002,"Block Group 2, Census Tract 601, Baltimore city, Maryland",37586,10570
1500000US245100601003,245100601003,"Block Group 3, Census Tract 601, Baltimore city, Maryland",57303,13176
1500000US245100601004,245100601004,"Block Group 4, Census Tract 601, Baltimore city, Maryland",44583,39496
1500000US245100602001,245100602001,"Block Group 1, Census Tract 602, Baltimore city, Maryland",50625,34346
1500000US245100602002,245100602002,"Block Group 2, Census Tract 602, Baltimore city, Maryland",86750,66746
1500000US245100602003,245100602003,"Block Group 3, Census Tract 602, Baltimore city, Maryland",83409,51103
1500000US245100602004,245100602004,"Block Group 4, Census Tract 602, Baltimore city, Maryland",65259,25522
1500000US245100602005,245100602005,"Block Group 5, Census Tract 602, Baltimore city, Maryland",23947,22649
1500000US245100603001,245100603001,"Block Group 1, Census Tract 603, Baltimore city, Maryland",32019,9326
1500000US245100603002,245100603002,"Block Group 2, Census Tract 603, Baltimore city, Maryland",66397,14474
1500000US245100604001,245100604001,"Block Group 1, Census Tract 604, Baltimore city, Maryland",36648,10085
1500000US245100604002,245100604002,"Block Group 2, Census Tract 604, Baltimore city, Maryland",14565,7545
1500000US245100701001,245100701001,"Block Group 1, Census Tract 701, Baltimore city, Maryland",39355,14113
1500000US245100701002,245100701002,"Block Group 2, Census Tract 701, Baltimore city, Maryland",33835,8352
1500000US245100702001,245100702001,"Block Group 1, Census Tract 702, Baltimore city, Maryland",35313,31411
1500000US245100702002,245100702002,"Block Group 2, Census Tract 702, Baltimore city, Maryland",18906,12438
1500000US245100702003,245100702003,"Block Group 3, Census Tract 702, Baltimore city, Maryland",27708,10285
1500000US245100702004,245100702004,"Block Group 4, Census Tract 702, Baltimore city, Maryland",19639,9332
1500000US245100702005,245100702005,"Block Group 5, Census Tract 702, Baltimore city, Maryland",22917,8475
1500000US245100703001,245100703001,"Block Group 1, Census Tract 703, Baltimore city, Maryland",17950,8767
1500000US245100703002,245100703002,"Block Group 2, Census Tract 703, Baltimore city, Maryland",31389,17816
1500000US245100704001,245100704001,"Block Group 1, Census Tract 704, Baltimore city, Maryland",32813,15657
1500000US245100704002,245100704002,"Block Group 2, Census Tract 704, Baltimore city, Maryland",11600,3087
1500000US245100704003,245100704003,"Block Group 3, Census Tract 704, Baltimore city, Maryland",21607,19665
1500000US245100801011,245100801011,"Block Group 1, Census Tract 801.01, Baltimore city, Maryland",104844,78246
1500000US245100801012,245100801012,"Block Group 2, Census Tract 801.01, Baltimore city, Maryland",50000,16064
1500000US245100801013,245100801013,"Block Group 3, Census Tract 801.01, Baltimore city, Maryland",38185,13338
1500000US245100801014,245100801014,"Block Group 4, Census Tract 801.01, Baltimore city, Maryland",59412,14215
1500000US245100801022,245100801022,"Block Group 2, Census Tract 801.02, Baltimore city, Maryland",36779,8785
1500000US245100802001,245100802001,"Block Group 1, Census Tract 802, Baltimore city, Maryland",39100,10806
1500000US245100802003,245100802003,"Block Group 3, Census Tract 802, Baltimore city, Maryland",37250,28796
1500000US245100803011,245100803011,"Block Group 1, Census Tract 803.01, Baltimore city, Maryland",15096,8044
1500000US245100803012,245100803012,"Block Group 2, Census Tract 803.01, Baltimore city, Maryland",33750,10598
1500000US245100803013,245100803013,"Block Group 3, Census Tract 803.01, Baltimore city, Maryland",37333,12970
1500000US245100803022,245100803022,"Block Group 2, Census Tract 803.02, Baltimore city, Maryland",18403,8323
1500000US245100803023,245100803023,"Block Group 3, Census Tract 803.02, Baltimore city, Maryland",40394,17483
1500000US245100803024,245100803024,"Block Group 4, Census Tract 803.02, Baltimore city, Maryland",27529,17945
1500000US245100804001,245100804001,"Block Group 1, Census Tract 804, Baltimore city, Maryland",24338,14442
1500000US245100804002,245100804002,"Block Group 2, Census Tract 804, Baltimore city, Maryland",22757,16731
1500000US245100805001,245100805001,"Block Group 1, Census Tract 805, Baltimore city, Maryland",12340,7838
1500000US245100805002,245100805002,"Block Group 2, Census Tract 805, Baltimore city, Maryland",33250,7262
1500000US245100805003,245100805003,"Block Group 3, Census Tract 805, Baltimore city, Maryland",37917,16932
1500000US245100806001,245100806001,"Block Group 1, Census Tract 806, Baltimore city, Maryland",22292,11315
1500000US245100806002,245100806002,"Block Group 2, Census Tract 806, Baltimore city, Maryland",45476,11654
1500000US245100806003,245100806003,"Block Group 3, Census Tract 806, Baltimore city, Maryland",39091,12163
1500000US245100806004,245100806004,"Block Group 4, Census Tract 806, Baltimore city, Maryland",32174,10231
1500000US245100807001,245100807001,"Block Group 1, Census Tract 807, Baltimore city, Maryland",23466,8229
1500000US245100807002,245100807002,"Block Group 2, Census Tract 807, Baltimore city, Maryland",22902,14214
1500000US245100808001,245100808001,"Block Group 1, Census Tract 808, Baltimore city, Maryland",30500,10982
1500000US245100808002,245100808002,"Block Group 2, Census Tract 808, Baltimore city, Maryland",15824,2246
1500000US245100901001,245100901001,"Block Group 1, Census Tract 901, Baltimore city, Maryland",21950,9621
1500000US245100901002,245100901002,"Block Group 2, Census Tract 901, Baltimore city, Maryland",56389,24154
1500000US245100901003,245100901003,"Block Group 3, Census Tract 901, Baltimore city, Maryland",49107,22224
1500000US245100901004,245100901004,"Block Group 4, Census Tract 901, Baltimore city, Maryland",21875,21624
1500000US245100901005,245100901005,"Block Group 5, Census Tract 901, Baltimore city, Maryland",43878,7038
1500000US245100902001,245100902001,"Block Group 1, Census Tract 902, Baltimore city, Maryland",57500,13345
1500000US245100902002,245100902002,"Block Group 2, Census Tract 902, Baltimore city, Maryland",62917,17939
1500000US245100903001,245100903001,"Block Group 1, Census Tract 903, Baltimore city, Maryland",80600,23049
1500000US245100903002,245100903002,"Block Group 2, Census Tract 903, Baltimore city, Maryland",16520,7517
1500000US245100903003,245100903003,"Block Group 3, Census Tract 903, Baltimore city, Maryland",78971,22890
1500000US245100903004,245100903004,"Block Group 4, Census Tract 903, Baltimore city, Maryland",33816,9973
1500000US245100904001,245100904001,"Block Group 1, Census Tract 904, Baltimore city, Maryland",42500,21891
1500000US245100904002,245100904002,"Block Group 2, Census Tract 904, Baltimore city, Maryland",19700,11876
1500000US245100905001,245100905001,"Block Group 1, Census Tract 905, Baltimore city, Maryland",36890,6933
1500000US245100905002,245100905002,"Block Group 2, Census Tract 905, Baltimore city, Maryland",39946,13931
1500000US245100906001,245100906001,"Block Group 1, Census Tract 906, Baltimore city, Maryland",55213,11273
1500000US245100906003,245100906003,"Block Group 3, Census Tract 906, Baltimore city, Maryland",37500,25671
1500000US245100906004,245100906004,"Block Group 4, Census Tract 906, Baltimore city, Maryland",43667,12422
1500000US245100907001,245100907001,"Block Group 1, Census Tract 907, Baltimore city, Maryland",32875,22745
1500000US245100907002,245100907002,"Block Group 2, Census Tract 907, Baltimore city, Maryland",16411,6701
1500000US245100907003,245100907003,"Block Group 3, Census Tract 907, Baltimore city, Maryland",28850,22740
1500000US245100907004,245100907004,"Block Group 4, Census Tract 907, Baltimore city, Maryland",27264,14025
1500000US245100908001,245100908001,"Block Group 1, Census Tract 908, Baltimore city, Maryland",17038,5400
1500000US245100908002,245100908002,"Block Group 2, Census Tract 908, Baltimore city, Maryland",38889,19371
1500000US245100908003,245100908003,"Block Group 3, Census Tract 908, Baltimore city, Maryland",23776,7511
1500000US245100908004,245100908004,"Block Group 4, Census Tract 908, Baltimore city, Maryland",27031,13030
1500000US245100909001,245100909001,"Block Group 1, Census Tract 909, Baltimore city, Maryland",13485,9705
1500000US245100909002,245100909002,"Block Group 2, Census Tract 909, Baltimore city, Maryland",26321,15532
1500000US245100909003,245100909003,"Block Group 3, Census Tract 909, Baltimore city, Maryland",40750,21938
1500000US245100909004,245100909004,"Block Group 4, Census Tract 909, Baltimore city, Maryland",16218,5206
1500000US245101001001,245101001001,"Block Group 1, Census Tract 1001, Baltimore city, Maryland",27414,8026
1500000US245101001002,245101001002,"Block Group 2, Census Tract 1001, Baltimore city, Maryland",9450,525
1500000US245101001003,245101001003,"Block Group 3, Census Tract 1001, Baltimore city, Maryland",58750,31005
1500000US245101001004,245101001004,"Block Group 4, Census Tract 1001, Baltimore city, Maryland",24706,2932
1500000US245101002001,245101002001,"Block Group 1, Census Tract 1002, Baltimore city, Maryland",13496,3336
1500000US245101002002,245101002002,"Block Group 2, Census Tract 1002, Baltimore city, Maryland",23235,17024
1500000US245101002003,245101002003,"Block Group 3, Census Tract 1002, Baltimore city, Maryland",8281,3753
1500000US245101003001,245101003001,"Block Group 1, Census Tract 1003, Baltimore city, Maryland",-,**
1500000US245101101001,245101101001,"Block Group 1, Census Tract 1101, Baltimore city, Maryland",52440,14049
1500000US245101101002,245101101002,"Block Group 2, Census Tract 1101, Baltimore city, Maryland",35875,15069
1500000US245101102001,245101102001,"Block Group 1, Census Tract 1102, Baltimore city, Maryland",52979,8342
1500000US245101102002,245101102002,"Block Group 2, Census Tract 1102, Baltimore city, Maryland",22380,9609
1500000US245101102003,245101102003,"Block Group 3, Census Tract 1102, Baltimore city, Maryland",40386,11322
1500000US245101201001,245101201001,"Block Group 1, Census Tract 1201, Baltimore city, Maryland",157115,46486
1500000US245101201002,245101201002,"Block Group 2, Census Tract 1201, Baltimore city, Maryland",50917,14195
1500000US245101201003,245101201003,"Block Group 3, Census Tract 1201, Baltimore city, Maryland",63972,14511
1500000US245101201004,245101201004,"Block Group 4, Census Tract 1201, Baltimore city, Maryland",40477,9674
1500000US245101202011,245101202011,"Block Group 1, Census Tract 1202.01, Baltimore city, Maryland",76705,28445
1500000US245101202012,245101202012,"Block Group 2, Census Tract 1202.01, Baltimore city, Maryland",43750,19810
1500000US245101202021,245101202021,"Block Group 1, Census Tract 1202.02, Baltimore city, Maryland",-,**
1500000US245101202024,245101202024,"Block Group 4, Census Tract 1202.02, Baltimore city, Maryland",37097,16650
1500000US245101202025,245101202025,"Block Group 5, Census Tract 1202.02, Baltimore city, Maryland",27569,13838
1500000US245101203001,245101203001,"Block Group 1, Census Tract 1203, Baltimore city, Maryland",51302,20970
1500000US245101203002,245101203002,"Block Group 2, Census Tract 1203, Baltimore city, Maryland",57639,9109
1500000US245101203003,245101203003,"Block Group 3, Census Tract 1203, Baltimore city, Maryland",46797,5519
1500000US245101203004,245101203004,"Block Group 4, Census Tract 1203, Baltimore city, Maryland",23269,10275
1500000US245101204001,245101204001,"Block Group 1, Census Tract 1204, Baltimore city, Maryland",33182,3842
1500000US245101204002,245101204002,"Block Group 2, Census Tract 1204, Baltimore city, Maryland",37569,14730
1500000US245101205001,245101205001,"Block Group 1, Census Tract 1205, Baltimore city, Maryland",40500,21308
1500000US245101205002,245101205002,"Block Group 2, Census Tract 1205, Baltimore city, Maryland",31289,12629
1500000US245101206001,245101206001,"Block Group 1, Census Tract 1206, Baltimore city, Maryland",19444,11802
1500000US245101206002,245101206002,"Block Group 2, Census Tract 1206, Baltimore city, Maryland",26591,13881
1500000US245101206003,245101206003,"Block Group 3, Census Tract 1206, Baltimore city, Maryland",9537,953
1500000US245101207001,245101207001,"Block Group 1, Census Tract 1207, Baltimore city, Maryland",65833,13347
1500000US245101207002,245101207002,"Block Group 2, Census Tract 1207, Baltimore city, Maryland",46641,21543
1500000US245101207003,245101207003,"Block Group 3, Census Tract 1207, Baltimore city, Maryland",46803,10036
1500000US245101301001,245101301001,"Block Group 1, Census Tract 1301, Baltimore city, Maryland",44477,14733
1500000US245101301002,245101301002,"Block Group 2, Census Tract 1301, Baltimore city, Maryland",10880,1456
1500000US245101301003,245101301003,"Block Group 3, Census Tract 1301, Baltimore city, Maryland",40739,5725
1500000US245101301004,245101301004,"Block Group 4, Census Tract 1301, Baltimore city, Maryland",38167,24868
1500000US245101302001,245101302001,"Block Group 1, Census Tract 1302, Baltimore city, Maryland",74688,34815
1500000US245101302002,245101302002,"Block Group 2, Census Tract 1302, Baltimore city, Maryland",26731,22703
1500000US245101302003,245101302003,"Block Group 3, Census Tract 1302, Baltimore city, Maryland",52708,25738
1500000US245101302004,245101302004,"Block Group 4, Census Tract 1302, Baltimore city, Maryland",43875,27661
1500000US245101303001,245101303001,"Block Group 1, Census Tract 1303, Baltimore city, Maryland",37955,18375
1500000US245101303002,245101303002,"Block Group 2, Census Tract 1303, Baltimore city, Maryland",42391,14769
1500000US245101303003,245101303003,"Block Group 3, Census Tract 1303, Baltimore city, Maryland",20833,8913
1500000US245101304001,245101304001,"Block Group 1, Census Tract 1304, Baltimore city, Maryland",41419,12337
1500000US245101304002,245101304002,"Block Group 2, Census Tract 1304, Baltimore city, Maryland",43056,12278
1500000US245101304003,245101304003,"Block Group 3, Census Tract 1304, Baltimore city, Maryland",16786,8959
1500000US245101306001,245101306001,"Block Group 1, Census Tract 1306, Baltimore city, Maryland",66250,16053
1500000US245101306002,245101306002,"Block Group 2, Census Tract 1306, Baltimore city, Maryland",65469,25886
1500000US245101306003,245101306003,"Block Group 3, Census Tract 1306, Baltimore city, Maryland",58092,29095
1500000US245101306004,245101306004,"Block Group 4, Census Tract 1306, Baltimore city, Maryland",62708,21998
1500000US245101307001,245101307001,"Block Group 1, Census Tract 1307, Baltimore city, Maryland",60000,30946
1500000US245101307002,245101307002,"Block Group 2, Census Tract 1307, Baltimore city, Maryland",79205,63292
1500000US245101307003,245101307003,"Block Group 3, Census Tract 1307, Baltimore city, Maryland",97768,53349
1500000US245101307004,245101307004,"Block Group 4, Census Tract 1307, Baltimore city, Maryland",32500,11498
1500000US245101307005,245101307005,"Block Group 5, Census Tract 1307, Baltimore city, Maryland",62634,13674
1500000US245101307006,245101307006,"Block Group 6, Census Tract 1307, Baltimore city, Maryland",36324,18755
1500000US245101308031,245101308031,"Block Group 1, Census Tract 1308.03, Baltimore city, Maryland",53472,11846
1500000US245101308032,245101308032,"Block Group 2, Census Tract 1308.03, Baltimore city, Maryland",54896,21213
1500000US245101308033,245101308033,"Block Group 3, Census Tract 1308.03, Baltimore city, Maryland",60547,18727
1500000US245101308041,245101308041,"Block Group 1, Census Tract 1308.04, Baltimore city, Maryland",46364,12613
1500000US245101308042,245101308042,"Block Group 2, Census Tract 1308.04, Baltimore city, Maryland",62281,7966
1500000US245101308051,245101308051,"Block Group 1, Census Tract 1308.05, Baltimore city, Maryland",49167,17006
1500000US245101308061,245101308061,"Block Group 1, Census Tract 1308.06, Baltimore city, Maryland",65987,12802
1500000US245101401001,245101401001,"Block Group 1, Census Tract 1401, Baltimore city, Maryland",94491,37207
1500000US245101401002,245101401002,"Block Group 2, Census Tract 1401, Baltimore city, Maryland",60294,49081
1500000US245101401003,245101401003,"Block Group 3, Census Tract 1401, Baltimore city, Maryland",16339,12485
1500000US245101401004,245101401004,"Block Group 4, Census Tract 1401, Baltimore city, Maryland",52391,18431
1500000US245101402002,245101402002,"Block Group 2, Census Tract 1402, Baltimore city, Maryland",25543,9666
1500000US245101403001,245101403001,"Block Group 1, Census Tract 1403, Baltimore city, Maryland",13110,5547
1500000US245101403002,245101403002,"Block Group 2, Census Tract 1403, Baltimore city, Maryland",27941,17600
1500000US245101403003,245101403003,"Block Group 3, Census Tract 1403, Baltimore city, Maryland",36719,16524
1500000US245101403004,245101403004,"Block Group 4, Census Tract 1403, Baltimore city, Maryland",31250,16367
1500000US245101501001,245101501001,"Block Group 1, Census Tract 1501, Baltimore city, Maryland",27702,12693
1500000US245101501002,245101501002,"Block Group 2, Census Tract 1501, Baltimore city, Maryland",14545,8154
1500000US245101501003,245101501003,"Block Group 3, Census Tract 1501, Baltimore city, Maryland",18903,9106
1500000US245101502001,245101502001,"Block Group 1, Census Tract 1502, Baltimore city, Maryland",50341,19201
1500000US245101503001,245101503001,"Block Group 1, Census Tract 1503, Baltimore city, Maryland",33068,13675
1500000US245101503002,245101503002,"Block Group 2, Census Tract 1503, Baltimore city, Maryland",44464,21313
1500000US245101503003,245101503003,"Block Group 3, Census Tract 1503, Baltimore city, Maryland",33250,5802
1500000US245101504001,245101504001,"Block Group 1, Census Tract 1504, Baltimore city, Maryland",35288,22469
1500000US245101504002,245101504002,"Block Group 2, Census Tract 1504, Baltimore city, Maryland",31852,9244
1500000US245101504003,245101504003,"Block Group 3, Census Tract 1504, Baltimore city, Maryland",34038,13122
1500000US245101505001,245101505001,"Block Group 1, Census Tract 1505, Baltimore city, Maryland",21445,2446
1500000US245101505002,245101505002,"Block Group 2, Census Tract 1505, Baltimore city, Maryland",45341,17024
1500000US245101506001,245101506001,"Block Group 1, Census Tract 1506, Baltimore city, Maryland",47083,20435
1500000US245101506002,245101506002,"Block Group 2, Census Tract 1506, Baltimore city, Maryland",17065,12792
1500000US245101506003,245101506003,"Block Group 3, Census Tract 1506, Baltimore city, Maryland",25588,25171
1500000US245101506005,245101506005,"Block Group 5, Census Tract 1506, Baltimore city, Maryland",30377,5270
1500000US245101507011,245101507011,"Block Group 1, Census Tract 1507.01, Baltimore city, Maryland",36042,28210
1500000US245101507012,245101507012,"Block Group 2, Census Tract 1507.01, Baltimore city, Maryland",59375,22693
1500000US245101507013,245101507013,"Block Group 3, Census Tract 1507.01, Baltimore city, Maryland",39567,13346
1500000US245101507021,245101507021,"Block Group 1, Census Tract 1507.02, Baltimore city, Maryland",49583,32848
1500000US245101507022,245101507022,"Block Group 2, Census Tract 1507.02, Baltimore city, Maryland",39643,14386
1500000US245101508001,245101508001,"Block Group 1, Census Tract 1508, Baltimore city, Maryland",33984,5004
1500000US245101508003,245101508003,"Block Group 3, Census Tract 1508, Baltimore city, Maryland",33566,9710
1500000US245101508006,245101508006,"Block Group 6, Census Tract 1508, Baltimore city, Maryland",47431,11716
1500000US245101509001,245101509001,"Block Group 1, Census Tract 1509, Baltimore city, Maryland",55000,24866
1500000US245101509002,245101509002,"Block Group 2, Census Tract 1509, Baltimore city, Maryland",44844,18675
1500000US245101509003,245101509003,"Block Group 3, Census Tract 1509, Baltimore city, Maryland",90494,23867
1500000US245101509004,245101509004,"Block Group 4, Census Tract 1509, Baltimore city, Maryland",52188,22575
1500000US245101510001,245101510001,"Block Group 1, Census Tract 1510, Baltimore city, Maryland",40694,32484
1500000US245101510002,245101510002,"Block Group 2, Census Tract 1510, Baltimore city, Maryland",32679,13225
1500000US245101510003,245101510003,"Block Group 3, Census Tract 1510, Baltimore city, Maryland",15947,6850
1500000US245101510004,245101510004,"Block Group 4, Census Tract 1510, Baltimore city, Maryland",38945,10771
1500000US245101510005,245101510005,"Block Group 5, Census Tract 1510, Baltimore city, Maryland",52826,27061
1500000US245101510006,245101510006,"Block Group 6, Census Tract 1510, Baltimore city, Maryland",14417,11715
1500000US245101510007,245101510007,"Block Group 7, Census Tract 1510, Baltimore city, Maryland",33250,16541
1500000US245101511001,245101511001,"Block Group 1, Census Tract 1511, Baltimore city, Maryland",44386,37586
1500000US245101511002,245101511002,"Block Group 2, Census Tract 1511, Baltimore city, Maryland",30531,5361
1500000US245101511003,245101511003,"Block Group 3, Census Tract 1511, Baltimore city, Maryland",50519,28510
1500000US245101511005,245101511005,"Block Group 5, Census Tract 1511, Baltimore city, Maryland",57068,41224
1500000US245101511006,245101511006,"Block Group 6, Census Tract 1511, Baltimore city, Maryland",51986,4898
1500000US245101512001,245101512001,"Block Group 1, Census Tract 1512, Baltimore city, Maryland",22639,11318
1500000US245101512002,245101512002,"Block Group 2, Census Tract 1512, Baltimore city, Maryland",32829,28996
1500000US245101512003,245101512003,"Block Group 3, Census Tract 1512, Baltimore city, Maryland",32419,7823
1500000US245101512004,245101512004,"Block Group 4, Census Tract 1512, Baltimore city, Maryland",19075,5169
1500000US245101513001,245101513001,"Block Group 1, Census Tract 1513, Baltimore city, Maryland",29349,8633
1500000US245101513002,245101513002,"Block Group 2, Census Tract 1513, Baltimore city, Maryland",13125,5913
1500000US245101513003,245101513003,"Block Group 3, Census Tract 1513, Baltimore city, Maryland",30800,4963
1500000US245101513004,245101513004,"Block Group 4, Census Tract 1513, Baltimore city, Maryland",25492,17305
1500000US245101513005,245101513005,"Block Group 5, Census Tract 1513, Baltimore city, Maryland",31473,12024
1500000US245101601001,245101601001,"Block Group 1, Census Tract 1601, Baltimore city, Maryland",23011,18108
1500000US245101601003,245101601003,"Block Group 3, Census Tract 1601, Baltimore city, Maryland",12737,2812
1500000US245101601004,245101601004,"Block Group 4, Census Tract 1601, Baltimore city, Maryland",31130,4847
1500000US245101602001,245101602001,"Block Group 1, Census Tract 1602, Baltimore city, Maryland",60526,12806
1500000US245101602002,245101602002,"Block Group 2, Census Tract 1602, Baltimore city, Maryland",21484,9865
1500000US245101602003,245101602003,"Block Group 3, Census Tract 1602, Baltimore city, Maryland",20417,5538
1500000US245101603001,245101603001,"Block Group 1, Census Tract 1603, Baltimore city, Maryland",36696,20402
1500000US245101603002,245101603002,"Block Group 2, Census Tract 1603, Baltimore city, Maryland",17448,11348
1500000US245101604001,245101604001,"Block Group 1, Census Tract 1604, Baltimore city, Maryland",35250,32356
1500000US245101604002,245101604002,"Block Group 2, Census Tract 1604, Baltimore city, Maryland",18672,8012
1500000US245101604003,245101604003,"Block Group 3, Census Tract 1604, Baltimore city, Maryland",44375,29603
1500000US245101604004,245101604004,"Block Group 4, Census Tract 1604, Baltimore city, Maryland",23194,15513
1500000US245101605001,245101605001,"Block Group 1, Census Tract 1605, Baltimore city, Maryland",36250,15268
1500000US245101605002,245101605002,"Block Group 2, Census Tract 1605, Baltimore city, Maryland",33512,11724
1500000US245101605004,245101605004,"Block Group 4, Census Tract 1605, Baltimore city, Maryland",32344,9046
1500000US245101605005,245101605005,"Block Group 5, Census Tract 1605, Baltimore city, Maryland",36650,7730
1500000US245101606002,245101606002,"Block Group 2, Census Tract 1606, Baltimore city, Maryland",49167,43208
1500000US245101606003,245101606003,"Block Group 3, Census Tract 1606, Baltimore city, Maryland",32702,19992
1500000US245101606004,245101606004,"Block Group 4, Census Tract 1606, Baltimore city, Maryland",12833,2638
1500000US245101606005,245101606005,"Block Group 5, Census Tract 1606, Baltimore city, Maryland",42083,40026
1500000US245101607001,245101607001,"Block Group 1, Census Tract 1607, Baltimore city, Maryland",35893,15690
1500000US245101607002,245101607002,"Block Group 2, Census Tract 1607, Baltimore city, Maryland",48333,13861
1500000US245101607003,245101607003,"Block Group 3, Census Tract 1607, Baltimore city, Maryland",21324,13007
1500000US245101607004,245101607004,"Block Group 4, Census Tract 1607, Baltimore city, Maryland",11295,5639
1500000US245101607005,245101607005,"Block Group 5, Census Tract 1607, Baltimore city, Maryland",21794,2794
1500000US245101607006,245101607006,"Block Group 6, Census Tract 1607, Baltimore city, Maryland",63102,21411
1500000US245101607007,245101607007,"Block Group 7, Census Tract 1607, Baltimore city, Maryland",32476,7214
1500000US245101608011,245101608011,"Block Group 1, Census Tract 1608.01, Baltimore city, Maryland",30685,7970
1500000US245101608012,245101608012,"Block Group 2, Census Tract 1608.01, Baltimore city, Maryland",38454,4488
1500000US245101608013,245101608013,"Block Group 3, Census Tract 1608.01, Baltimore city, Maryland",36541,27796
1500000US245101608014,245101608014,"Block Group 4, Census Tract 1608.01, Baltimore city, Maryland",51948,12815
1500000US245101608021,245101608021,"Block Group 1, Census Tract 1608.02, Baltimore city, Maryland",38750,15752
1500000US245101608022,245101608022,"Block Group 2, Census Tract 1608.02, Baltimore city, Maryland",41563,24513
1500000US245101608023,245101608023,"Block Group 3, Census Tract 1608.02, Baltimore city, Maryland",40694,18463
1500000US245101701001,245101701001,"Block Group 1, Census Tract 1701, Baltimore city, Maryland",36786,6598
1500000US245101701002,245101701002,"Block Group 2, Census Tract 1701, Baltimore city, Maryland",17391,6988
1500000US245101702001,245101702001,"Block Group 1, Census Tract 1702, Baltimore city, Maryland",9051,603
1500000US245101702002,245101702002,"Block Group 2, Census Tract 1702, Baltimore city, Maryland",18487,8908
1500000US245101702003,245101702003,"Block Group 3, Census Tract 1702, Baltimore city, Maryland",14961,7371
1500000US245101703001,245101703001,"Block Group 1, Census Tract 1703, Baltimore city, Maryland",16902,1956
1500000US245101703002,245101703002,"Block Group 2, Census Tract 1703, Baltimore city, Maryland",37321,17116
1500000US245101801001,245101801001,"Block Group 1, Census Tract 1801, Baltimore city, Maryland",15700,3067
1500000US245101801002,245101801002,"Block Group 2, Census Tract 1801, Baltimore city, Maryland",11392,3355
1500000US245101802001,245101802001,"Block Group 1, Census Tract 1802, Baltimore city, Maryland",37563,30609
1500000US245101802002,245101802002,"Block Group 2, Census Tract 1802, Baltimore city, Maryland",9750,2186
1500000US245101803001,245101803001,"Block Group 1, Census Tract 1803, Baltimore city, Maryland",32266,27529
1500000US245101803002,245101803002,"Block Group 2, Census Tract 1803, Baltimore city, Maryland",41964,17631
1500000US245101901001,245101901001,"Block Group 1, Census Tract 1901, Baltimore city, Maryland",41750,33182
1500000US245101901002,245101901002,"Block Group 2, Census Tract 1901, Baltimore city, Maryland",33646,6952
1500000US245101901003,245101901003,"Block Group 3, Census Tract 1901, Baltimore city, Maryland",16048,7939
1500000US245101902001,245101902001,"Block Group 1, Census Tract 1902, Baltimore city, Maryland",61058,8432
1500000US245101902002,245101902002,"Block Group 2, Census Tract 1902, Baltimore city, Maryland",26042,10894
1500000US245101903002,245101903002,"Block Group 2, Census Tract 1903, Baltimore city, Maryland",21250,14157
1500000US245101903003,245101903003,"Block Group 3, Census Tract 1903, Baltimore city, Maryland",56458,30558
1500000US245101903004,245101903004,"Block Group 4, Census Tract 1903, Baltimore city, Maryland",20333,10563
1500000US245102001001,245102001001,"Block Group 1, Census Tract 2001, Baltimore city, Maryland",23250,8784
1500000US245102001002,245102001002,"Block Group 2, Census Tract 2001, Baltimore city, Maryland",27125,7424
1500000US245102002001,245102002001,"Block Group 1, Census Tract 2002, Baltimore city, Maryland",47639,12449
1500000US245102002002,245102002002,"Block Group 2, Census Tract 2002, Baltimore city, Maryland",21176,4791
1500000US245102002003,245102002003,"Block Group 3, Census Tract 2002, Baltimore city, Maryland",31985,12701
1500000US245102002004,245102002004,"Block Group 4, Census Tract 2002, Baltimore city, Maryland",16429,4314
1500000US245102002005,245102002005,"Block Group 5, Census Tract 2002, Baltimore city, Maryland",19718,11646
1500000US245102003001,245102003001,"Block Group 1, Census Tract 2003, Baltimore city, Maryland",23061,4848
1500000US245102003002,245102003002,"Block Group 2, Census Tract 2003, Baltimore city, Maryland",21066,7361
1500000US245102004001,245102004001,"Block Group 1, Census Tract 2004, Baltimore city, Maryland",29750,13878
1500000US245102004002,245102004002,"Block Group 2, Census Tract 2004, Baltimore city, Maryland",31167,7210
1500000US245102005001,245102005001,"Block Group 1, Census Tract 2005, Baltimore city, Maryland",13977,9487
1500000US245102005003,245102005003,"Block Group 3, Census Tract 2005, Baltimore city, Maryland",15701,6439
1500000US245102005004,245102005004,"Block Group 4, Census Tract 2005, Baltimore city, Maryland",40867,10070
1500000US245102005005,245102005005,"Block Group 5, Census Tract 2005, Baltimore city, Maryland",12857,3863
1500000US245102006001,245102006001,"Block Group 1, Census Tract 2006, Baltimore city, Maryland",30694,20590
1500000US245102006002,245102006002,"Block Group 2, Census Tract 2006, Baltimore city, Maryland",50078,38365
1500000US245102006003,245102006003,"Block Group 3, Census Tract 2006, Baltimore city, Maryland",48333,42103
1500000US245102007011,245102007011,"Block Group 1, Census Tract 2007.01, Baltimore city, Maryland",39402,16366
1500000US245102007012,245102007012,"Block Group 2, Census Tract 2007.01, Baltimore city, Maryland",40119,13804
1500000US245102007013,245102007013,"Block Group 3, Census Tract 2007.01, Baltimore city, Maryland",35428,12454
1500000US245102007014,245102007014,"Block Group 4, Census Tract 2007.01, Baltimore city, Maryland",39097,22169
1500000US245102007015,245102007015,"Block Group 5, Census Tract 2007.01, Baltimore city, Maryland",18333,12374
1500000US245102007021,245102007021,"Block Group 1, Census Tract 2007.02, Baltimore city, Maryland",21591,18511
1500000US245102007022,245102007022,"Block Group 2, Census Tract 2007.02, Baltimore city, Maryland",33571,22117
1500000US245102008001,245102008001,"Block Group 1, Census Tract 2008, Baltimore city, Maryland",31667,8375
1500000US245102008002,245102008002,"Block Group 2, Census Tract 2008, Baltimore city, Maryland",34688,15326
1500000US245102008003,245102008003,"Block Group 3, Census Tract 2008, Baltimore city, Maryland",56250,15817
1500000US245102101001,245102101001,"Block Group 1, Census Tract 2101, Baltimore city, Maryland",51034,19315
1500000US245102101002,245102101002,"Block Group 2, Census Tract 2101, Baltimore city, Maryland",52232,16437
1500000US245102102001,245102102001,"Block Group 1, Census Tract 2102, Baltimore city, Maryland",48393,27118
1500000US245102102002,245102102002,"Block Group 2, Census Tract 2102, Baltimore city, Maryland",37321,22283
1500000US245102201001,245102201001,"Block Group 1, Census Tract 2201, Baltimore city, Maryland",65139,36541
1500000US245102201002,245102201002,"Block Group 2, Census Tract 2201, Baltimore city, Maryland",32214,7588
1500000US245102201004,245102201004,"Block Group 4, Census Tract 2201, Baltimore city, Maryland",107930,17881
1500000US245102301001,245102301001,"Block Group 1, Census Tract 2301, Baltimore city, Maryland",109500,22785
1500000US245102301002,245102301002,"Block Group 2, Census Tract 2301, Baltimore city, Maryland",44135,11147
1500000US245102302001,245102302001,"Block Group 1, Census Tract 2302, Baltimore city, Maryland",97159,10588
1500000US245102302002,245102302002,"Block Group 2, Census Tract 2302, Baltimore city, Maryland",102386,35495
1500000US245102303001,245102303001,"Block Group 1, Census Tract 2303, Baltimore city, Maryland",95250,58517
1500000US245102303002,245102303002,"Block Group 2, Census Tract 2303, Baltimore city, Maryland",93333,17217
1500000US245102401001,245102401001,"Block Group 1, Census Tract 2401, Baltimore city, Maryland",115694,24489
1500000US245102401002,245102401002,"Block Group 2, Census Tract 2401, Baltimore city, Maryland",73576,13435
1500000US245102402001,245102402001,"Block Group 1, Census Tract 2402, Baltimore city, Maryland",131875,16088
1500000US245102402002,245102402002,"Block Group 2, Census Tract 2402, Baltimore city, Maryland",121136,31610
1500000US245102403001,245102403001,"Block Group 1, Census Tract 2403, Baltimore city, Maryland",80938,48949
1500000US245102403002,245102403002,"Block Group 2, Census Tract 2403, Baltimore city, Maryland",71587,14491
1500000US245102403003,245102403003,"Block Group 3, Census Tract 2403, Baltimore city, Maryland",123672,20416
1500000US245102404001,245102404001,"Block Group 1, Census Tract 2404, Baltimore city, Maryland",85377,6431
1500000US245102404002,245102404002,"Block Group 2, Census Tract 2404, Baltimore city, Maryland",83906,69195
1500000US245102404003,245102404003,"Block Group 3, Census Tract 2404, Baltimore city, Maryland",109241,5780
1500000US245102501011,245102501011,"Block Group 1, Census Tract 2501.01, Baltimore city, Maryland",47328,6629
1500000US245102501012,245102501012,"Block Group 2, Census Tract 2501.01, Baltimore city, Maryland",56548,7219
1500000US245102501021,245102501021,"Block Group 1, Census Tract 2501.02, Baltimore city, Maryland",53207,12300
1500000US245102501022,245102501022,"Block Group 2, Census Tract 2501.02, Baltimore city, Maryland",35285,2677
1500000US245102501031,245102501031,"Block Group 1, Census Tract 2501.03, Baltimore city, Maryland",12007,1139
1500000US245102501032,245102501032,"Block Group 2, Census Tract 2501.03, Baltimore city, Maryland",42159,16678
1500000US245102501033,245102501033,"Block Group 3, Census Tract 2501.03, Baltimore city, Maryland",63015,16848
1500000US245102501034,245102501034,"Block Group 4, Census Tract 2501.03, Baltimore city, Maryland",40000,34434
1500000US245102502031,245102502031,"Block Group 1, Census Tract 2502.03, Baltimore city, Maryland",31326,3456
1500000US245102502032,245102502032,"Block Group 2, Census Tract 2502.03, Baltimore city, Maryland",30882,11806
1500000US245102502041,245102502041,"Block Group 1, Census Tract 2502.04, Baltimore city, Maryland",17105,5643
1500000US245102502042,245102502042,"Block Group 2, Census Tract 2502.04, Baltimore city, Maryland",12618,3010
1500000US245102502051,245102502051,"Block Group 1, Census Tract 2502.05, Baltimore city, Maryland",-,**
1500000US245102502052,245102502052,"Block Group 2, Census Tract 2502.05, Baltimore city, Maryland",41833,26048
1500000US245102502053,245102502053,"Block Group 3, Census Tract 2502.05, Baltimore city, Maryland",48287,36019
1500000US245102502054,245102502054,"Block Group 4, Census Tract 2502.05, Baltimore city, Maryland",44375,20314
1500000US245102502055,245102502055,"Block Group 5, Census Tract 2502.05, Baltimore city, Maryland",42500,34662
1500000US245102502061,245102502061,"Block Group 1, Census Tract 2502.06, Baltimore city, Maryland",41875,30704
1500000US245102502062,245102502062,"Block Group 2, Census Tract 2502.06, Baltimore city, Maryland",45341,13449
1500000US245102502063,245102502063,"Block Group 3, Census Tract 2502.06, Baltimore city, Maryland",47159,25723
1500000US245102502071,245102502071,"Block Group 1, Census Tract 2502.07, Baltimore city, Maryland",28125,4078
1500000US245102502072,245102502072,"Block Group 2, Census Tract 2502.07, Baltimore city, Maryland",44643,22150
1500000US245102503011,245102503011,"Block Group 1, Census Tract 2503.01, Baltimore city, Maryland",62206,21307
1500000US245102503012,245102503012,"Block Group 2, Census Tract 2503.01, Baltimore city, Maryland",28438,16770
1500000US245102503031,245102503031,"Block Group 1, Census Tract 2503.03, Baltimore city, Maryland",41042,32821
1500000US245102503032,245102503032,"Block Group 2, Census Tract 2503.03, Baltimore city, Maryland",30323,9086
1500000US245102503033,245102503033,"Block Group 3, Census Tract 2503.03, Baltimore city, Maryland",41739,28036
1500000US245102504011,245102504011,"Block Group 1, Census Tract 2504.01, Baltimore city, Maryland",28667,13946
1500000US245102504012,245102504012,"Block Group 2, Census Tract 2504.01, Baltimore city, Maryland",45852,14919
1500000US245102504013,245102504013,"Block Group 3, Census Tract 2504.01, Baltimore city, Maryland",46019,19941
1500000US245102504021,245102504021,"Block Group 1, Census Tract 2504.02, Baltimore city, Maryland",40964,9802
1500000US245102504022,245102504022,"Block Group 2, Census Tract 2504.02, Baltimore city, Maryland",17432,7194
1500000US245102504023,245102504023,"Block Group 3, Census Tract 2504.02, Baltimore city, Maryland",28878,11311
1500000US245102504024,245102504024,"Block Group 4, Census Tract 2504.02, Baltimore city, Maryland",66125,26248
1500000US245102505001,245102505001,"Block Group 1, Census Tract 2505, Baltimore city, Maryland",-,**
1500000US245102505002,245102505002,"Block Group 2, Census Tract 2505, Baltimore city, Maryland",-,**
1500000US245102505003,245102505003,"Block Group 3, Census Tract 2505, Baltimore city, Maryland",46349,20299
1500000US245102505004,245102505004,"Block Group 4, Census Tract 2505, Baltimore city, Maryland",30066,17376
1500000US245102505005,245102505005,"Block Group 5, Census Tract 2505, Baltimore city, Maryland",40903,11043
1500000US245102506001,245102506001,"Block Group 1, Census Tract 2506, Baltimore city, Maryland",-,**
1500000US245102601011,245102601011,"Block Group 1, Census Tract 2601.01, Baltimore city, Maryland",34300,13261
1500000US245102601012,245102601012,"Block Group 2, Census Tract 2601.01, Baltimore city, Maryland",73438,55570
1500000US245102601013,245102601013,"Block Group 3, Census Tract 2601.01, Baltimore city, Maryland",40208,6838
1500000US245102601014,245102601014,"Block Group 4, Census Tract 2601.01, Baltimore city, Maryland",70333,35738
1500000US245102601015,245102601015,"Block Group 5, Census Tract 2601.01, Baltimore city, Maryland",56875,34045
1500000US245102601021,245102601021,"Block Group 1, Census Tract 2601.02, Baltimore city, Maryland",41094,7079
1500000US245102601022,245102601022,"Block Group 2, Census Tract 2601.02, Baltimore city, Maryland",50469,49337
1500000US245102601023,245102601023,"Block Group 3, Census Tract 2601.02, Baltimore city, Maryland",48892,10822
1500000US245102601024,245102601024,"Block Group 4, Census Tract 2601.02, Baltimore city, Maryland",71902,13953
1500000US245102601025,245102601025,"Block Group 5, Census Tract 2601.02, Baltimore city, Maryland",56771,15131
1500000US245102602011,245102602011,"Block Group 1, Census Tract 2602.01, Baltimore city, Maryland",31743,10226
1500000US245102602012,245102602012,"Block Group 2, Census Tract 2602.01, Baltimore city, Maryland",53359,24658
1500000US245102602014,245102602014,"Block Group 4, Census Tract 2602.01, Baltimore city, Maryland",31901,5477
1500000US245102602022,245102602022,"Block Group 2, Census Tract 2602.02, Baltimore city, Maryland",30019,8921
1500000US245102602023,245102602023,"Block Group 3, Census Tract 2602.02, Baltimore city, Maryland",55815,17596
1500000US245102602024,245102602024,"Block Group 4, Census Tract 2602.02, Baltimore city, Maryland",31571,5609
1500000US245102602031,245102602031,"Block Group 1, Census Tract 2602.03, Baltimore city, Maryland",31875,5096
1500000US245102602032,245102602032,"Block Group 2, Census Tract 2602.03, Baltimore city, Maryland",47639,14708
1500000US245102603011,245102603011,"Block Group 1, Census Tract 2603.01, Baltimore city, Maryland",44583,13996
1500000US245102603012,245102603012,"Block Group 2, Census Tract 2603.01, Baltimore city, Maryland",45568,35027
1500000US245102603013,245102603013,"Block Group 3, Census Tract 2603.01, Baltimore city, Maryland",34712,17463
1500000US245102603014,245102603014,"Block Group 4, Census Tract 2603.01, Baltimore city, Maryland",23583,10737
1500000US245102603015,245102603015,"Block Group 5, Census Tract 2603.01, Baltimore city, Maryland",37069,10865
1500000US245102603023,245102603023,"Block Group 3, Census Tract 2603.02, Baltimore city, Maryland",49079,42336
1500000US245102603024,245102603024,"Block Group 4, Census Tract 2603.02, Baltimore city, Maryland",33056,12354
1500000US245102603025,245102603025,"Block Group 5, Census Tract 2603.02, Baltimore city, Maryland",22560,19494
1500000US245102603031,245102603031,"Block Group 1, Census Tract 2603.03, Baltimore city, Maryland",15282,3593
1500000US245102604011,245102604011,"Block Group 1, Census Tract 2604.01, Baltimore city, Maryland",31161,9275
1500000US245102604012,245102604012,"Block Group 2, Census Tract 2604.01, Baltimore city, Maryland",30602,8133
1500000US245102604013,245102604013,"Block Group 3, Census Tract 2604.01, Baltimore city, Maryland",23125,7347
1500000US245102604021,245102604021,"Block Group 1, Census Tract 2604.02, Baltimore city, Maryland",50354,6017
1500000US245102604022,245102604022,"Block Group 2, Census Tract 2604.02, Baltimore city, Maryland",28542,10859
1500000US245102604031,245102604031,"Block Group 1, Census Tract 2604.03, Baltimore city, Maryland",33636,5214
1500000US245102604032,245102604032,"Block Group 2, Census Tract 2604.03, Baltimore city, Maryland",-,**
1500000US245102604041,245102604041,"Block Group 1, Census Tract 2604.04, Baltimore city, Maryland",-,**
1500000US245102604042,245102604042,"Block Group 2, Census Tract 2604.04, Baltimore city, Maryland",40714,35308
1500000US245102604043,245102604043,"Block Group 3, Census Tract 2604.04, Baltimore city, Maryland",33875,11392
1500000US245102605011,245102605011,"Block Group 1, Census Tract 2605.01, Baltimore city, Maryland",39167,16376
1500000US245102605012,245102605012,"Block Group 2, Census Tract 2605.01, Baltimore city, Maryland",52560,16305
1500000US245102605013,245102605013,"Block Group 3, Census Tract 2605.01, Baltimore city, Maryland",64028,29378
1500000US245102606041,245102606041,"Block Group 1, Census Tract 2606.04, Baltimore city, Maryland",37292,25605
1500000US245102606042,245102606042,"Block Group 2, Census Tract 2606.04, Baltimore city, Maryland",29625,8858
1500000US245102606043,245102606043,"Block Group 3, Census Tract 2606.04, Baltimore city, Maryland",8816,1466
1500000US245102606051,245102606051,"Block Group 1, Census Tract 2606.05, Baltimore city, Maryland",39196,18822
1500000US245102606052,245102606052,"Block Group 2, Census Tract 2606.05, Baltimore city, Maryland",28725,1887
1500000US245102606053,245102606053,"Block Group 3, Census Tract 2606.05, Baltimore city, Maryland",34000,15375
1500000US245102606054,245102606054,"Block Group 4, Census Tract 2606.05, Baltimore city, Maryland",40875,22722
1500000US245102606056,245102606056,"Block Group 6, Census Tract 2606.05, Baltimore city, Maryland",-,**
1500000US245102607001,245102607001,"Block Group 1, Census Tract 2607, Baltimore city, Maryland",40063,14503
1500000US245102607002,245102607002,"Block Group 2, Census Tract 2607, Baltimore city, Maryland",38958,15276
1500000US245102608001,245102608001,"Block Group 1, Census Tract 2608, Baltimore city, Maryland",29896,13542
1500000US245102608002,245102608002,"Block Group 2, Census Tract 2608, Baltimore city, Maryland",44821,11189
1500000US245102609001,245102609001,"Block Group 1, Census Tract 2609, Baltimore city, Maryland",35909,27090
1500000US245102609002,245102609002,"Block Group 2, Census Tract 2609, Baltimore city, Maryland",102727,48323
1500000US245102609003,245102609003,"Block Group 3, Census Tract 2609, Baltimore city, Maryland",106528,28472
1500000US245102610002,245102610002,"Block Group 2, Census Tract 2610, Baltimore city, Maryland",15000,10561
1500000US245102610004,245102610004,"Block Group 4, Census Tract 2610, Baltimore city, Maryland",85368,51847
1500000US245102611001,245102611001,"Block Group 1, Census Tract 2611, Baltimore city, Maryland",83000,51385
1500000US245102611002,245102611002,"Block Group 2, Census Tract 2611, Baltimore city, Maryland",109464,19895
1500000US245102701011,245102701011,"Block Group 1, Census Tract 2701.01, Baltimore city, Maryland",76042,18523
1500000US245102701012,245102701012,"Block Group 2, Census Tract 2701.01, Baltimore city, Maryland",51500,20787
1500000US245102701021,245102701021,"Block Group 1, Census Tract 2701.02, Baltimore city, Maryland",62750,22171
1500000US245102701022,245102701022,"Block Group 2, Census Tract 2701.02, Baltimore city, Maryland",62917,15552
1500000US245102701023,245102701023,"Block Group 3, Census Tract 2701.02, Baltimore city, Maryland",60268,26166
1500000US245102701024,245102701024,"Block Group 4, Census Tract 2701.02, Baltimore city, Maryland",68177,14784
1500000US245102702001,245102702001,"Block Group 1, Census Tract 2702, Baltimore city, Maryland",67500,22389
1500000US245102702002,245102702002,"Block Group 2, Census Tract 2702, Baltimore city, Maryland",62596,16534
1500000US245102702003,245102702003,"Block Group 3, Census Tract 2702, Baltimore city, Maryland",73487,13861
1500000US245102703011,245102703011,"Block Group 1, Census Tract 2703.01, Baltimore city, Maryland",51932,15378
1500000US245102703012,245102703012,"Block Group 2, Census Tract 2703.01, Baltimore city, Maryland",73363,2290
1500000US245102703013,245102703013,"Block Group 3, Census Tract 2703.01, Baltimore city, Maryland",120163,66922
1500000US245102703014,245102703014,"Block Group 4, Census Tract 2703.01, Baltimore city, Maryland",58889,4434
1500000US245102703021,245102703021,"Block Group 1, Census Tract 2703.02, Baltimore city, Maryland",70458,13318
1500000US245102703022,245102703022,"Block Group 2, Census Tract 2703.02, Baltimore city, Maryland",47750,16266
1500000US245102704011,245102704011,"Block Group 1, Census Tract 2704.01, Baltimore city, Maryland",57454,15340
1500000US245102704012,245102704012,"Block Group 2, Census Tract 2704.01, Baltimore city, Maryland",63281,25550
1500000US245102704013,245102704013,"Block Group 3, Census Tract 2704.01, Baltimore city, Maryland",70375,29028
1500000US245102704014,245102704014,"Block Group 4, Census Tract 2704.01, Baltimore city, Maryland",75227,72114
1500000US245102704021,245102704021,"Block Group 1, Census Tract 2704.02, Baltimore city, Maryland",77969,45708
1500000US245102704022,245102704022,"Block Group 2, Census Tract 2704.02, Baltimore city, Maryland",60268,14775
1500000US245102704023,245102704023,"Block Group 3, Census Tract 2704.02, Baltimore city, Maryland",66406,18813
1500000US245102704024,245102704024,"Block Group 4, Census Tract 2704.02, Baltimore city, Maryland",73750,15099
1500000US245102705011,245102705011,"Block Group 1, Census Tract 2705.01, Baltimore city, Maryland",60795,20443
1500000US245102705012,245102705012,"Block Group 2, Census Tract 2705.01, Baltimore city, Maryland",59531,22027
1500000US245102705013,245102705013,"Block Group 3, Census Tract 2705.01, Baltimore city, Maryland",75444,26384
1500000US245102705014,245102705014,"Block Group 4, Census Tract 2705.01, Baltimore city, Maryland",74592,16061
1500000US245102705021,245102705021,"Block Group 1, Census Tract 2705.02, Baltimore city, Maryland",45417,21885
1500000US245102705022,245102705022,"Block Group 2, Census Tract 2705.02, Baltimore city, Maryland",58167,6662
1500000US245102705023,245102705023,"Block Group 3, Census Tract 2705.02, Baltimore city, Maryland",76167,18068
1500000US245102705024,245102705024,"Block Group 4, Census Tract 2705.02, Baltimore city, Maryland",59148,25954
1500000US245102706001,245102706001,"Block Group 1, Census Tract 2706, Baltimore city, Maryland",65536,28114
1500000US245102706002,245102706002,"Block Group 2, Census Tract 2706, Baltimore city, Maryland",48352,24821
1500000US245102706003,245102706003,"Block Group 3, Census Tract 2706, Baltimore city, Maryland",39709,25120
1500000US245102706004,245102706004,"Block Group 4, Census Tract 2706, Baltimore city, Maryland",79185,15903
1500000US245102706005,245102706005,"Block Group 5, Census Tract 2706, Baltimore city, Maryland",64324,16465
1500000US245102706006,245102706006,"Block Group 6, Census Tract 2706, Baltimore city, Maryland",56111,20879
1500000US245102707011,245102707011,"Block Group 1, Census Tract 2707.01, Baltimore city, Maryland",42125,4780
1500000US245102707021,245102707021,"Block Group 1, Census Tract 2707.02, Baltimore city, Maryland",27560,6569
1500000US245102707022,245102707022,"Block Group 2, Census Tract 2707.02, Baltimore city, Maryland",53750,41798
1500000US245102707023,245102707023,"Block Group 3, Census Tract 2707.02, Baltimore city, Maryland",52750,23407
1500000US245102707031,245102707031,"Block Group 1, Census Tract 2707.03, Baltimore city, Maryland",43227,16992
1500000US245102707032,245102707032,"Block Group 2, Census Tract 2707.03, Baltimore city, Maryland",66779,11762
1500000US245102707033,245102707033,"Block Group 3, Census Tract 2707.03, Baltimore city, Maryland",48214,17978
1500000US245102708011,245102708011,"Block Group 1, Census Tract 2708.01, Baltimore city, Maryland",60903,27685
1500000US245102708012,245102708012,"Block Group 2, Census Tract 2708.01, Baltimore city, Maryland",50347,3961
1500000US245102708013,245102708013,"Block Group 3, Census Tract 2708.01, Baltimore city, Maryland",51944,21864
1500000US245102708014,245102708014,"Block Group 4, Census Tract 2708.01, Baltimore city, Maryland",50921,27133
1500000US245102708021,245102708021,"Block Group 1, Census Tract 2708.02, Baltimore city, Maryland",49917,28021
1500000US245102708022,245102708022,"Block Group 2, Census Tract 2708.02, Baltimore city, Maryland",41218,26307
1500000US245102708023,245102708023,"Block Group 3, Census Tract 2708.02, Baltimore city, Maryland",48465,16226
1500000US245102708024,245102708024,"Block Group 4, Census Tract 2708.02, Baltimore city, Maryland",30368,29122
1500000US245102708025,245102708025,"Block Group 5, Census Tract 2708.02, Baltimore city, Maryland",49881,12827
1500000US245102708031,245102708031,"Block Group 1, Census Tract 2708.03, Baltimore city, Maryland",52772,18848
1500000US245102708032,245102708032,"Block Group 2, Census Tract 2708.03, Baltimore city, Maryland",41274,16433
1500000US245102708041,245102708041,"Block Group 1, Census Tract 2708.04, Baltimore city, Maryland",51417,21964
1500000US245102708042,245102708042,"Block Group 2, Census Tract 2708.04, Baltimore city, Maryland",21667,20654
1500000US245102708043,245102708043,"Block Group 3, Census Tract 2708.04, Baltimore city, Maryland",80909,9230
1500000US245102708044,245102708044,"Block Group 4, Census Tract 2708.04, Baltimore city, Maryland",52663,20780
1500000US245102708051,245102708051,"Block Group 1, Census Tract 2708.05, Baltimore city, Maryland",59258,9466
1500000US245102708052,245102708052,"Block Group 2, Census Tract 2708.05, Baltimore city, Maryland",42545,11186
1500000US245102708053,245102708053,"Block Group 3, Census Tract 2708.05, Baltimore city, Maryland",26471,8301
1500000US245102708054,245102708054,"Block Group 4, Census Tract 2708.05, Baltimore city, Maryland",40227,14416
1500000US245102708055,245102708055,"Block Group 5, Census Tract 2708.05, Baltimore city, Maryland",84028,7082
1500000US245102709011,245102709011,"Block Group 1, Census Tract 2709.01, Baltimore city, Maryland",41855,21710
1500000US245102709012,245102709012,"Block Group 2, Census Tract 2709.01, Baltimore city, Maryland",66204,16019
1500000US245102709013,245102709013,"Block Group 3, Census Tract 2709.01, Baltimore city, Maryland",50030,14331
1500000US245102709021,245102709021,"Block Group 1, Census Tract 2709.02, Baltimore city, Maryland",60556,18453
1500000US245102709022,245102709022,"Block Group 2, Census Tract 2709.02, Baltimore city, Maryland",61250,15265
1500000US245102709023,245102709023,"Block Group 3, Census Tract 2709.02, Baltimore city, Maryland",63185,13719
1500000US245102709031,245102709031,"Block Group 1, Census Tract 2709.03, Baltimore city, Maryland",42449,12122
1500000US245102709032,245102709032,"Block Group 2, Census Tract 2709.03, Baltimore city, Maryland",71726,9627
1500000US245102709033,245102709033,"Block Group 3, Census Tract 2709.03, Baltimore city, Maryland",33627,3034
1500000US245102710011,245102710011,"Block Group 1, Census Tract 2710.01, Baltimore city, Maryland",54479,17725
1500000US245102710012,245102710012,"Block Group 2, Census Tract 2710.01, Baltimore city, Maryland",51726,5031
1500000US245102710013,245102710013,"Block Group 3, Census Tract 2710.01, Baltimore city, Maryland",33194,4594
1500000US245102710021,245102710021,"Block Group 1, Census Tract 2710.02, Baltimore city, Maryland",53250,10373
1500000US245102710022,245102710022,"Block Group 2, Census Tract 2710.02, Baltimore city, Maryland",33026,15088
1500000US245102710023,245102710023,"Block Group 3, Census Tract 2710.02, Baltimore city, Maryland",33750,20513
1500000US245102710025,245102710025,"Block Group 5, Census Tract 2710.02, Baltimore city, Maryland",25144,20131
1500000US245102711011,245102711011,"Block Group 1, Census Tract 2711.01, Baltimore city, Maryland",46607,27110
1500000US245102711012,245102711012,"Block Group 2, Census Tract 2711.01, Baltimore city, Maryland",-,**
1500000US245102711013,245102711013,"Block Group 3, Census Tract 2711.01, Baltimore city, Maryland",50273,18483
1500000US245102711021,245102711021,"Block Group 1, Census Tract 2711.02, Baltimore city, Maryland",208750,34436
1500000US245102711022,245102711022,"Block Group 2, Census Tract 2711.02, Baltimore city, Maryland",181518,18284
1500000US245102712001,245102712001,"Block Group 1, Census Tract 2712, Baltimore city, Maryland",73839,58186
1500000US245102712002,245102712002,"Block Group 2, Census Tract 2712, Baltimore city, Maryland",61771,20055
1500000US245102712003,245102712003,"Block Group 3, Census Tract 2712, Baltimore city, Maryland",129911,35914
1500000US245102712004,245102712004,"Block Group 4, Census Tract 2712, Baltimore city, Maryland","250,000+",***
1500000US245102712005,245102712005,"Block Group 5, Census Tract 2712, Baltimore city, Maryland","250,000+",***
1500000US245102712006,245102712006,"Block Group 6, Census Tract 2712, Baltimore city, Maryland",116422,17825
1500000US245102713001,245102713001,"Block Group 1, Census Tract 2713, Baltimore city, Maryland",111429,20252
1500000US245102713002,245102713002,"Block Group 2, Census Tract 2713, Baltimore city, Maryland",80500,33522
1500000US245102713003,245102713003,"Block Group 3, Census Tract 2713, Baltimore city, Maryland",159211,7607
1500000US245102714001,245102714001,"Block Group 1, Census Tract 2714, Baltimore city, Maryland",173839,64308
1500000US245102714002,245102714002,"Block Group 2, Census Tract 2714, Baltimore city, Maryland",99688,30387
1500000US245102714003,245102714003,"Block Group 3, Census Tract 2714, Baltimore city, Maryland",84338,30447
1500000US245102715011,245102715011,"Block Group 1, Census Tract 2715.01, Baltimore city, Maryland",94125,34856
1500000US245102715013,245102715013,"Block Group 3, Census Tract 2715.01, Baltimore city, Maryland",148851,10678
1500000US245102715014,245102715014,"Block Group 4, Census Tract 2715.01, Baltimore city, Maryland",149091,40950
1500000US245102715015,245102715015,"Block Group 5, Census Tract 2715.01, Baltimore city, Maryland",76823,19630
1500000US245102715031,245102715031,"Block Group 1, Census Tract 2715.03, Baltimore city, Maryland",68382,7376
1500000US245102716001,245102716001,"Block Group 1, Census Tract 2716, Baltimore city, Maryland",13500,10621
1500000US245102716002,245102716002,"Block Group 2, Census Tract 2716, Baltimore city, Maryland",28977,5405
1500000US245102716003,245102716003,"Block Group 3, Census Tract 2716, Baltimore city, Maryland",52738,35840
1500000US245102716005,245102716005,"Block Group 5, Census Tract 2716, Baltimore city, Maryland",26289,11219
1500000US245102716006,245102716006,"Block Group 6, Census Tract 2716, Baltimore city, Maryland",32841,11592
1500000US245102717001,245102717001,"Block Group 1, Census Tract 2717, Baltimore city, Maryland",13095,10596
1500000US245102717002,245102717002,"Block Group 2, Census Tract 2717, Baltimore city, Maryland",23636,10190
1500000US245102717003,245102717003,"Block Group 3, Census Tract 2717, Baltimore city, Maryland",45504,4538
1500000US245102717004,245102717004,"Block Group 4, Census Tract 2717, Baltimore city, Maryland",48182,20904
1500000US245102717005,245102717005,"Block Group 5, Census Tract 2717, Baltimore city, Maryland",42688,29228
1500000US245102718012,245102718012,"Block Group 2, Census Tract 2718.01, Baltimore city, Maryland",22708,11472
1500000US245102718013,245102718013,"Block Group 3, Census Tract 2718.01, Baltimore city, Maryland",43835,13680
1500000US245102718021,245102718021,"Block Group 1, Census Tract 2718.02, Baltimore city, Maryland",24250,15693
1500000US245102718022,245102718022,"Block Group 2, Census Tract 2718.02, Baltimore city, Maryland",33958,30077
1500000US245102718023,245102718023,"Block Group 3, Census Tract 2718.02, Baltimore city, Maryland",31364,10951
1500000US245102718024,245102718024,"Block Group 4, Census Tract 2718.02, Baltimore city, Maryland",27778,8318
1500000US245102719001,245102719001,"Block Group 1, Census Tract 2719, Baltimore city, Maryland",91111,47056
1500000US245102719002,245102719002,"Block Group 2, Census Tract 2719, Baltimore city, Maryland",59650,19198
1500000US245102719003,245102719003,"Block Group 3, Census Tract 2719, Baltimore city, Maryland",25625,23335
1500000US245102719004,245102719004,"Block Group 4, Census Tract 2719, Baltimore city, Maryland",55682,33363
1500000US245102719005,245102719005,"Block Group 5, Census Tract 2719, Baltimore city, Maryland",41406,12122
1500000US245102720031,245102720031,"Block Group 1, Census Tract 2720.03, Baltimore city, Maryland",71607,42111
1500000US245102720032,245102720032,"Block Group 2, Census Tract 2720.03, Baltimore city, Maryland",53750,47188
1500000US245102720033,245102720033,"Block Group 3, Census Tract 2720.03, Baltimore city, Maryland",61724,17913
1500000US245102720034,245102720034,"Block Group 4, Census Tract 2720.03, Baltimore city, Maryland",63977,40545
1500000US245102720035,245102720035,"Block Group 5, Census Tract 2720.03, Baltimore city, Maryland",98615,61137
1500000US245102720041,245102720041,"Block Group 1, Census Tract 2720.04, Baltimore city, Maryland",35893,12088
1500000US245102720042,245102720042,"Block Group 2, Census Tract 2720.04, Baltimore city, Maryland",48250,13476
1500000US245102720051,245102720051,"Block Group 1, Census Tract 2720.05, Baltimore city, Maryland",39657,4053
1500000US245102720052,245102720052,"Block Group 2, Census Tract 2720.05, Baltimore city, Maryland",67589,63997
1500000US245102720053,245102720053,"Block Group 3, Census Tract 2720.05, Baltimore city, Maryland",63173,15419
1500000US245102720061,245102720061,"Block Group 1, Census Tract 2720.06, Baltimore city, Maryland",24824,12870
1500000US245102720062,245102720062,"Block Group 2, Census Tract 2720.06, Baltimore city, Maryland",36295,11475
1500000US245102720071,245102720071,"Block Group 1, Census Tract 2720.07, Baltimore city, Maryland",30929,8318
1500000US245102720072,245102720072,"Block Group 2, Census Tract 2720.07, Baltimore city, Maryland",41250,24401
1500000US245102720073,245102720073,"Block Group 3, Census Tract 2720.07, Baltimore city, Maryland",60573,13740
1500000US245102801011,245102801011,"Block Group 1, Census Tract 2801.01, Baltimore city, Maryland",60357,15670
1500000US245102801012,245102801012,"Block Group 2, Census Tract 2801.01, Baltimore city, Maryland",35417,15730
1500000US245102801013,245102801013,"Block Group 3, Census Tract 2801.01, Baltimore city, Maryland",30875,18916
1500000US245102801022,245102801022,"Block Group 2, Census Tract 2801.02, Baltimore city, Maryland",49188,13482
1500000US245102801023,245102801023,"Block Group 3, Census Tract 2801.02, Baltimore city, Maryland",16108,12975
1500000US245102801024,245102801024,"Block Group 4, Census Tract 2801.02, Baltimore city, Maryland",41055,21246
1500000US245102801025,245102801025,"Block Group 5, Census Tract 2801.02, Baltimore city, Maryland",52820,31905
1500000US245102801026,245102801026,"Block Group 6, Census Tract 2801.02, Baltimore city, Maryland",33661,13157
1500000US245102802001,245102802001,"Block Group 1, Census Tract 2802, Baltimore city, Maryland",79750,17072
1500000US245102802003,245102802003,"Block Group 3, Census Tract 2802, Baltimore city, Maryland",51875,11305
1500000US245102802004,245102802004,"Block Group 4, Census Tract 2802, Baltimore city, Maryland",61429,32991
1500000US245102802005,245102802005,"Block Group 5, Census Tract 2802, Baltimore city, Maryland",61964,27493
1500000US245102802006,245102802006,"Block Group 6, Census Tract 2802, Baltimore city, Maryland",28125,9954
1500000US245102803011,245102803011,"Block Group 1, Census Tract 2803.01, Baltimore city, Maryland",50489,23806
1500000US245102803012,245102803012,"Block Group 2, Census Tract 2803.01, Baltimore city, Maryland",49583,38967
1500000US245102803013,245102803013,"Block Group 3, Census Tract 2803.01, Baltimore city, Maryland",26420,7422
1500000US245102803021,245102803021,"Block Group 1, Census Tract 2803.02, Baltimore city, Maryland",39259,9421
1500000US245102803022,245102803022,"Block Group 2, Census Tract 2803.02, Baltimore city, Maryland",40793,8789
1500000US245102804011,245102804011,"Block Group 1, Census Tract 2804.01, Baltimore city, Maryland",54722,46905
1500000US245102804012,245102804012,"Block Group 2, Census Tract 2804.01, Baltimore city, Maryland",66648,23856
1500000US245102804013,245102804013,"Block Group 3, Census Tract 2804.01, Baltimore city, Maryland",40208,27427
1500000US245102804014,245102804014,"Block Group 4, Census Tract 2804.01, Baltimore city, Maryland",47452,25628
1500000US245102804015,245102804015,"Block Group 5, Census Tract 2804.01, Baltimore city, Maryland",51750,6231
1500000US245102804021,245102804021,"Block Group 1, Census Tract 2804.02, Baltimore city, Maryland",38958,10607
1500000US245102804022,245102804022,"Block Group 2, Census Tract 2804.02, Baltimore city, Maryland",34667,11705
1500000US245102804031,245102804031,"Block Group 1, Census Tract 2804.03, Baltimore city, Maryland",43688,36388
1500000US245102804032,245102804032,"Block Group 2, Census Tract 2804.03, Baltimore city, Maryland",47412,14755
1500000US245102804033,245102804033,"Block Group 3, Census Tract 2804.03, Baltimore city, Maryland",54167,11524
1500000US245102804034,245102804034,"Block Group 4, Census Tract 2804.03, Baltimore city, Maryland",60781,39582
1500000US245102804041,245102804041,"Block Group 1, Census Tract 2804.04, Baltimore city, Maryland",38828,7316
1500000US245102804042,245102804042,"Block Group 2, Census Tract 2804.04, Baltimore city, Maryland",-,**
1500000US245102805001,245102805001,"Block Group 1, Census Tract 2805, Baltimore city, Maryland",9690,4667
1500000US245102805003,245102805003,"Block Group 3, Census Tract 2805, Baltimore city, Maryland",11991,1707
1500000US245102805004,245102805004,"Block Group 4, Census Tract 2805, Baltimore city, Maryland",13414,1281
